2026-03-16 16:55:59.722140,Филин,Filin_zx,Каталог
2026-03-16 17:01:13.200692,1,doxsunkippe,Каталог
2026-03-16 17:02:14.224560,1,doxsunkippe,Цена
2026-03-16 17:02:19.061787,1,doxsunkippe,Цена
2026-03-16 17:02:21.360511,1,doxsunkippe,Каталог
2026-03-16 17:02:24.004393,1,doxsunkippe,Доставка
2026-03-16 17:02:26.952677,1,doxsunkippe,Связаться с мастером
2026-03-19 13:05:47.538605,Филин,Filin_zx,Каталог
2026-03-19 13:06:02.133621,Филин,Filin_zx,Каталог
2026-03-19 13:07:59.974343,Филин,Filin_zx,Каталог
